YYYYMMDD,e2,vsig2_n,vsig2_skt,vsig2_gjr
2010-03-08,28.642500012588663,12.074254553911532,9.49625577048405,10.256050556696337
2010-03-09,1.7030382120163101,13.832707096707379,14.241049566236843,13.410273759544244
2010-03-10,2.2560411796868696,12.429471376223155,10.825017213019816,11.34631301428878
2010-03-11,0.22617321626946732,11.326319851785284,8.61496535478572,9.80912996364757
2010-03-12,7.757223183639697,10.197500324269821,6.593438418586192,8.266666525908457
2010-03-15,0.7908009385282475,10.062165864129081,7.070816140786805,8.320169523513039
2010-03-16,16.361933786616696,9.21073875748551,5.672405636799194,7.187770113520413
2010-03-17,3.870865076106299,10.158403615805135,8.5703971798497,8.833870813733423
2010-03-18,41.148013200137505,9.617320421524022,7.466038523649914,8.112162033335764
2010-03-19,8.017245242024867,13.125686336603557,15.945220410527202,13.828262233710515
2010-03-22,2.2876932786794604,12.514227398619143,13.56070067115029,12.707201791828522
2010-03-23,2.093079545879481,11.399855067622164,10.502449706744223,10.899483077463179
2010-03-24,12.614967892589107,10.45652768744872,8.352949938995698,9.441221258462912
2010-03-25,0.009755505164611595,10.792205408448616,9.483584883949163,10.065396772655085
2010-03-26,4.698140975172778,9.732297741173898,7.1366194270959715,8.432200682925084
2010-03-29,2.453007191129629,9.352317492591927,6.68592912814993,7.9101165601482695
2010-03-30,2.3916451545886814,8.799418593276917,5.819881968763565,7.144689011994143
2010-03-31,9.49849116573789,8.335119616827996,5.209629426382346,6.530776912868252
2010-04-01,0.32062626979490494,8.704969040093962,6.551543568654424,7.19481269811648
2010-04-05,0.07773314444583046,8.037112446324906,5.199104524304576,6.221112645286985
2010-04-06,2.140952664950677,7.458364787057391,4.209673838965221,5.412363058939448
2010-04-07,5.677861736356768,7.198153818572552,4.041157272746671,5.12250960912679
2010-04-08,5.810624035879754,7.358091641979917,4.801884030174878,5.4603273873055675
2010-04-09,5.3092163606389535,7.504606718478529,5.357467068916755,5.779063845837969
2010-04-12,4.665374889380703,7.572701164031688,5.6149403768648884,5.917832724422091
2010-04-13,1.1427102177811717,7.560748244748231,5.632289958108251,5.922099060410067
2010-04-14,4.9646788879716235,7.176977380512855,4.771229028639213,5.356143247377745
2010-04-15,6.4686374930431985,7.264865205155197,5.126763682750218,5.528072429948751
2010-04-16,2.4357834831491005,7.497255109186297,5.743754127281401,5.90928393927605
2010-04-19,25.05209145678249,7.2616455724808935,5.168261609660677,5.5512020570710074
2010-04-20,32.11253492920255,9.466923819444096,10.377590574169853,8.962731537306368
2010-04-21,13.552364192634204,12.042191165375845,15.706538229972004,12.975519685655126
2010-04-22,20.161639101130927,12.204584418356161,14.76841126193542,13.010364675959304
2010-04-23,0.5641550590314879,13.040510084495446,15.761741275377178,14.152211939048472
2010-04-26,26.755440928487406,11.652678059510807,11.587621625002424,11.745344695371392
2010-04-27,33.62578955342786,13.283371417113413,15.210342379788933,14.125232302868229
2010-04-28,3.7214443092687226,15.362721416644765,19.402050192930457,17.123980032662573
2010-04-29,10.537881259857938,13.910506070878805,14.8712491014906,14.604361900270792
2010-04-30,0.15711372166641346,13.43156333812119,13.447453993955122,13.730875041965485
2010-05-03,2.895694183435121,11.933259433634571,9.896642830942348,11.34745386784001
2010-05-04,1.76260346683411,10.983357711627326,8.135613370628178,9.914503180817013
2010-05-05,4.948844812417417,10.076603635114957,6.6448398947922716,8.599506044147196
2010-05-06,0.5267847212044566,9.664002290542888,6.410165043750802,8.109112384030993
2010-05-07,0.057678730710175645,8.853048260382135,5.153055687477871,6.976829266008744
2010-05-10,15.154718225887267,8.131810668364462,4.173064631565213,6.004890363892958
2010-05-11,8.5716721353303,9.136951793183941,7.241055767218237,7.703956531415765
2010-05-12,38.38372214396655,9.270498996943823,7.71761825123261,8.013775173213853
2010-05-13,7.62214142188032,12.5451419225322,15.43303395049066,13.28460165598543
2010-05-14,6.851710316447965,11.991617313380512,13.110872248786508,12.213974929536015
2010-05-17,1.6018568329271512,11.451543997726304,11.324428365625996,11.28008243771276
2010-05-18,8.55975885410555,10.44718943831206,8.795983052074403,9.658513336431911
2010-05-19,5.1103192583145205,10.354078413598737,8.783029328879726,9.507818938350928
2010-05-20,0.7707129487104604,9.910882342103477,7.9192940570902035,8.852574171654885
2010-05-21,19.39598325508346,9.083347789052844,6.250401834287716,7.60420256438803
2010-05-24,2.9780145439035066,10.374942607126059,9.719421913618607,9.657789146791147
2010-05-25,2.989179144745972,9.7018475496653,8.034248479628843,8.595589535195495
2010-05-26,0.07008377426081115,9.145726712060002,6.879162008399194,7.759832002127397
2010-05-27,9.180743118556942,8.375457661613877,5.3621163695153395,6.624406607502788
2010-05-28,17.075400040751333,8.704644086578899,6.577570838046811,7.265206524463009
2010-06-01,0.24925744217437595,9.815092913431513,9.369130544461537,9.101594703285466
2010-06-02,32.631119465214255,8.9486924433495,7.117332861385521,7.712642733378007
2010-06-03,0.6787037210791088,11.668148019118458,13.5949868848619,11.90497392228735
2010-06-04,0.4167833095876677,10.528554278693058,10.12726976488763,9.992029076735582
2010-06-07,1.2459019986996267,9.557200685340764,7.679753104330944,8.440826996116535
2010-06-08,0.9290011370506901,8.840941939958158,6.203578069024225,7.353069426594014
2010-06-09,14.006853176651694,8.214263786550262,5.110790055835035,6.448479866619248
2010-06-10,57.599722310835354,9.083393504620332,7.6008883354398025,7.940198723336104
2010-06-11,2.1927122334249702,14.429692362297498,20.11491146725149,16.162496038535206
2010-06-14,0.8024960109322536,12.975731177546926,14.982195534842047,13.6080872917963
2010-06-15,35.674490671114356,11.624338808922955,11.111074647583143,11.35944753861775
2010-06-16,0.5252102484088429,14.206520783233131,17.09322091874933,15.465984008654912
2010-06-17,0.5045809361769932,12.613972229946242,12.492806813132876,12.777710830019874
2010-06-18,0.47983197271669464,11.293192608595897,9.326830217051725,10.654436455124543
2010-06-21,31.056018505283767,10.19699359365259,7.145409681930453,8.975988522562018
2010-06-22,37.664865417451004,12.534538367487206,13.223938799207325,12.80783708772159
2010-06-23,42.97609914166152,15.17138936621576,19.038184726960136,16.744864978294153
2010-06-24,8.448451397186442,17.918337640902145,24.349273714104804,20.716823512705282
2010-06-25,19.029323194220613,16.52818774256736,19.441839942816845,18.209498250196305
2010-06-28,8.900010466486194,16.5001677991844,18.69216374139931,18.060991571979773
2010-06-29,0.6942370017427539,15.401904504532219,15.66684307517836,16.189035659383755
2010-06-30,1.0413304481794363,13.621659358000676,11.554655441026817,13.376361109862165
2010-07-01,22.40824521415674,12.184499529025707,8.81525924321591,11.216992637249998
2010-07-02,19.18613942126388,13.262321374669863,12.228184973678939,12.998587191567063
2010-07-06,2.9137927360230473,13.812756096245975,13.774649229899174,13.978448797927259
2010-07-07,5.884152546904366,12.541454551792697,10.804609065896937,12.007470014308627
2010-07-08,0.05140355755699946,11.804104721894362,9.500056440409097,10.954109063385358
2010-07-09,25.255671337836375,10.574545195294506,7.158257904620322,9.139783295010337
2010-07-12,5.11269740218776,12.231528119920753,11.795333173444314,11.959015103206596
2010-07-13,6.311652446468402,11.46561588561833,9.989584822439081,10.785827866982354
2010-07-14,2.617905479402533,10.958709594532694,9.046009891919123,10.029565309129556
2010-07-15,8.633953037139406,10.146972154159112,7.48231713501702,8.829931761585325
2010-07-16,3.537965194643172,10.113380570493273,7.898819088400479,8.912146482945941
2010-07-19,55.215312475758196,9.544710508812269,6.922110179823441,8.099080518737651
2010-07-20,1.1206673624810586,14.558584520154607,19.057633936899126,16.18979378003121
2010-07-21,6.738934021754101,12.968670337345872,13.99008602278783,13.448858107775019
2010-07-22,4.5087185573199955,12.248549941940642,11.900572756729158,12.199243799607665
2010-07-23,0.0014857754957712489,11.415606894538191,9.91221596425485,10.873421348499921
2010-07-26,24.093756523801712,10.247580795375677,7.429074972119963,9.06800524841487
2010-07-27,8.742554519835615,11.837491266232515,11.693462853150224,11.706508530934833
2010-07-28,37.43285113828442,11.524614180442654,10.81913729938838,11.152589545192594
2010-07-29,0.9960593633915438,14.310572956593193,17.328390138064407,15.59934143446987
2010-07-30,0.5394496432682587,12.750097866645069,12.771072608799445,12.962256271794606
2010-08-02,0.12000011238107613,11.409601964377034,9.526662901648661,10.805836013526541
2010-08-03,5.969750006058882,10.255187253254956,7.1935382362252875,9.03406865859804
2010-08-04,31.241947022892568,9.920217687212414,7.040165309221727,8.623911875792245
2010-08-05,23.747914498340005,12.325108196548726,13.197703755805414,12.396649514802844
2010-08-06,1.1599453371824735,13.520926144044745,15.571280990896549,14.272947920753204
2010-08-09,105.7868805645534,12.113684022184023,11.604407547767778,11.937858759649629
2010-08-10,0.051963596115585334,22.052987844039887,34.80732962019988,27.74352911789474
2010-08-11,5.047331500690862,19.060422115662217,24.546582569582572,22.378911583755333
2010-08-12,18.298819609784235,17.112830839583413,18.734546936548785,18.964611950971655
2010-08-13,8.602397112658426,16.906706384655365,18.025162743892302,18.533256667466397
2010-08-16,1.9070890480553253,15.706921362891684,15.13480422758601,16.512824211138703
2010-08-17,13.028977041032082,14.002930366452976,11.489668022847706,13.826108392085446
2010-08-18,8.777753632077253,13.772478046484627,11.741368286359412,13.52406243580869
2010-08-19,10.984167889321748,13.130470391647844,10.86077527844951,12.637876234568903
2010-08-20,38.732527984669645,12.833079553906206,10.802525488413856,12.311104994648147
2010-08-23,1.1167828473064234,15.531889155183034,17.63906043724579,16.732005592030024
2010-08-24,23.30775364759087,13.774129819262358,13.014446265622091,13.875755866756805
2010-08-25,7.416409194614226,14.673963618281713,15.336287958673434,15.365060045061153
2010-08-26,0.14443111650216736,13.732392976744515,12.993415510861219,13.820886177190236
2010-08-27,53.94171723036211,12.180992754630237,9.581537926252219,11.415529989751402
2010-08-30,21.619838195609482,16.606188288005868,20.569259862526824,18.305457850238955
2010-08-31,23.283407708117274,16.839691754963944,20.10877187663834,18.573438291847797
2010-09-01,4.251986680174802,17.209587877256805,20.204641939902384,18.942337375508146
2010-09-02,31.993278896135482,15.495973586474555,15.55417411031608,16.147296396211825
2010-09-03,6.159712311029589,17.021435642883404,19.233724611202092,18.620689473067205
2010-09-07,31.297990889411018,15.542662633646657,15.359843483788904,16.182807761717026
2010-09-08,17.47519560555826,16.98629937049105,18.927898187523784,18.53146090348826
2010-09-09,7.984919665520295,16.71452708082404,17.953901738344808,18.052833257490107
2010-09-10,0.9626445306766805,15.482266441364438,14.932819690587731,16.07529078592997
2010-09-13,12.95638037851173,13.716684159137174,11.116837134608447,13.326843415823356
2010-09-14,16.17955293918753,13.527768418406072,11.467211890642393,13.18690844260642
2010-09-15,19.054364767289847,13.713438817286864,12.506710106862798,13.534610305948295
2010-09-16,0.9487474540583938,14.172284235579639,13.933362790681286,14.37890336780725
2010-09-17,0.4030494164678328,12.630576885840087,10.426683782889192,11.986913634608351
2010-09-20,11.916668842422633,11.29616490971318,7.8820717393722814,10.011619140908007
2010-09-21,1.6066689583579878,11.41329070980019,8.987001255288321,10.397436987788229
2010-09-22,3.8223236686019977,10.416027407571088,7.191170198390942,8.96332831330239
2010-09-23,9.440101101987374,9.825474553263389,6.5063662679797325,8.20605931026697
2010-09-24,22.991599192762823,9.932748281984747,7.4280386900942394,8.506293886767686
2010-09-27,11.4166504044917,11.459841604345613,11.419615849935587,10.956386103755515
2010-09-28,10.176077014056608,11.495741988756269,11.293672269455469,11.058111658006835
2010-09-29,0.016411106237930007,11.393799709341312,10.899701578529148,10.875441435093155
2010-09-30,37.74797117552852,10.231109078043236,8.111257882748033,9.072122516079771
2010-10-01,6.286753983935248,13.273028180703097,15.545946013409516,14.011952902872881
2010-10-04,2.982601985042935,12.452558950201515,12.857518426875655,12.60259442772425
2010-10-05,0.3639812498085773,11.422548515865005,10.191516697752665,10.918419332507414
2010-10-06,59.947574200017236,10.29180134247424,7.710810723026887,9.162693580829867
2010-10-07,5.658197756053581,15.679410345156718,20.77227838814103,17.82638237112802
2010-10-08,6.156359929684465,14.378271740307797,16.292672349719638,15.474557555826472
2010-10-11,0.9046961741614634,13.353833592558495,13.338267003998409,13.701426688019355
2010-10-12,4.999738190947942,11.94824500197788,10.006887127510677,11.450280546885573
2010-10-13,40.28256534947628,11.219075786225858,8.732781362638635,10.365627394984577
2010-10-14,0.05537290235197397,14.360046139338241,16.601103314644785,15.246643602751734
2010-10-15,0.009005641124824713,12.691221692945076,12.038247000213877,12.525535434137552
2010-10-18,12.953307816882367,11.304555881364646,8.891697366930085,10.3719823990817
2010-10-19,19.15064181599794,11.530260762818092,9.93759573964237,10.856380555239468
2010-10-20,26.94142337929216,12.374885968961859,12.192028366303608,12.283259826704247
2010-10-21,1.8664658020836176,13.90108044694752,15.671709601498778,14.721984565457769
2010-10-22,22.605069751469433,12.503427998593688,11.84849914566429,12.417186838592924
2010-10-25,38.63227058326938,13.547275883095127,14.361047955402235,13.97712878833919
2010-10-26,36.90325900624724,16.112585045565396,20.059213500119615,17.824896724764915
2010-10-27,28.80406620476946,18.053089772878316,23.545842552906894,20.576597460676336
2010-10-28,0.8410668776726455,18.800179949822105,23.934314621167072,21.42357876931726
2010-10-29,23.888380743376143,16.450929592922893,17.271478063014435,17.528735465436387
2010-11-01,1.3608406606478747,16.951910732810163,18.405110380147022,18.343458318780588
2010-11-02,91.84494271271515,14.975774782238718,13.60126786107473,15.18759180872252
2010-11-03,1.5859120819759331,22.943014747970437,32.72426718314502,27.955345774234807
2010-11-04,51.27553501381641,19.96014594783826,23.495487545588464,22.80484524673134
2010-11-05,0.49360548529044995,22.764159175529496,29.46856258063402,26.85086202676888
2010-11-08,23.374002079023427,19.69612727032064,20.98785591647497,21.74714553352044
2010-11-09,4.962413213740728,19.584259783056535,20.831096209053896,21.45971165365476
2010-11-10,10.018025958973606,17.537542545303673,16.160656756996815,18.225921517823366
2010-11-11,48.34738289719828,16.379484052834222,14.204553730195864,16.554573039665865
2010-11-12,0.06398231153805882,19.488684964363543,22.359273744735987,21.444055887256788
2010-11-16,15.555692523492075,16.9385194127804,15.99671901346881,17.413860391041407
2010-11-17,0.2087516001114317,16.471242125087894,15.464251265522337,16.847924824506062
2010-11-18,33.78327568778605,14.455517555477257,11.295145872366367,13.81295974569161
2010-11-19,12.93135745899109,16.34994355949328,16.751014959165165,17.08179070561856
2010-11-22,4.271582267528317,15.705385199333278,15.332156034158002,16.075336168542652
2010-11-23,1.4630840114615018,14.252611353718242,12.211230201922248,13.8673232930945
2010-11-24,2.5487092579825625,12.751674265424535,9.37089864776247,11.67524390543445
2010-11-26,10.745767744698117,11.62415774632354,7.688394426203567,10.129757841160506
2010-11-29,12.348715150401839,11.560588227424155,8.563757982394971,10.236449205757724
2010-11-30,10.264025265499635,11.678081327608039,9.56244505379089,10.647569331130251
2010-12-01,2.4919716566628076,11.554106387468616,9.732000767577974,10.620258179578045
2010-12-02,1.7579222898876952,10.626579877361158,7.922440764695919,9.275144872232826
2010-12-03,8.72302798308187,9.780703729187177,6.497212634069947,8.10386465790043
2010-12-06,0.2380614039143721,9.819573397310473,7.24404539321542,8.308591346426088
2010-12-07,12.69254904067064,8.951213892094431,5.65444934382079,7.085444502266083
2010-12-08,2.5084570517393354,9.554077432232678,7.648718249378037,8.153868151266623
2010-12-09,42.91508500383842,8.972355859425186,6.495139078658575,7.3330037995982
2010-12-10,20.156551253739817,12.779218125023004,15.716045449158148,13.511809973431873
2010-12-13,21.3419454202847,13.515752349353207,16.41158332968397,14.54676100482052
2010-12-14,6.710959514004739,14.251394672897517,17.183237893446773,15.450067172865076
2010-12-15,11.150273628913405,13.307644389539346,14.087599096612513,13.772697137165462
2010-12-16,21.573985968309046,12.997404618820644,13.060783914450287,13.233957028745408
2010-12-17,14.77449419452211,13.84684315650048,14.938466018941138,14.566653954604572
2010-12-20,8.157361828277436,13.828500308821264,14.543548686870487,14.393100987547667
2010-12-21,39.88105007808269,13.111010812970354,12.632359968356505,13.21854063442581
2010-12-22,45.523075994453535,15.883906379652258,19.180932822527417,17.43068517767923
2010-12-23,39.50420542865769,18.778604401454196,25.078541458823636,21.673610500116922
2010-12-27,13.200006319774259,20.536535346386128,27.639097900597484,24.244774426219184
2010-12-28,28.904518750256937,19.200290664365923,22.879744025104586,21.83715069622283
2010-12-29,9.397418930385923,19.760694858250027,23.50154394438528,22.586548902070433
2010-12-30,29.848894270571062,18.154330813385265,19.094551331870534,19.83883472750649
2010-12-31,80.57366561798423,18.994896665033536,21.1348378214985,21.170036267894496
2011-01-03,92.68533463474337,25.074481971503403,35.10722052818524,30.77229204506176
2011-01-04,30.068205030270942,31.393684407576785,47.708896733128455,39.89687228331049
2011-01-05,19.787194939332878,29.980024798103628,40.8496045914435,36.864751862729044
2011-01-06,11.843421026732821,27.71838647355498,33.588879989311415,32.79463757938618
2011-01-07,0.012173275324475104,25.002703094222674,26.63154854368047,28.350282761882077
2011-01-10,9.000955381697864,21.49848905993998,18.91928525297236,22.85085886389097
2011-01-11,33.33839301877493,19.55110248600526,15.847910322170012,19.982498421867987
2011-01-12,0.14700645362775977,20.521742602073566,19.768889820643434,21.871674369141836
2011-01-13,0.7943830321442077,17.80267683314861,14.237486332021186,17.765050774767534
2011-01-14,44.69960385523032,15.620067359311124,10.597387400589875,14.631795539607563
2011-01-18,8.010885476945594,18.472754016290633,18.976865510909246,19.3320929478055
2011-01-19,28.02768492073028,16.940789980083245,15.642115060321391,17.046123418211046
2011-01-20,0.4842991057652293,17.796823318784273,18.31139969778013,18.51287296248446
2011-01-21,19.16636422088975,15.582310379514734,13.319657660605058,15.170833562312337
2011-01-24,1.4082797624606633,15.73154982887515,14.519680409875448,15.688005747482187
2011-01-25,39.8578468360114,13.970381540995277,10.943413003592555,13.10167443380596
2011-01-26,15.091727258862097,16.5929810799639,18.01473663637948,17.545133630339286
2011-01-27,31.4480571235128,16.135902631269275,16.735816784360047,16.793548171369867
2011-01-28,0.025469551016473232,17.493414284448136,19.910494627477775,18.872353192703365
2011-01-31,14.034554228915349,15.28239795828013,14.304661429685764,15.379490586972521
2011-02-01,18.215335485530908,14.938570866743259,13.92470178861432,14.98727932185691
2011-02-02,0.4176913666631431,15.097613310603126,14.699713146375547,15.28676630925668
2011-02-03,1.6207421673482696,13.340363034507126,10.82162421171019,12.616058243215553
2011-02-04,15.592458043170241,12.013088474072276,8.455195225632052,10.7151605417155
2011-02-07,6.572486766027721,12.397011243014925,10.291713020978845,11.489662456007549
2011-02-08,15.823544833879089,11.757564891435413,9.3182364794985,10.66185799136881
2011-02-09,7.946417901023368,12.209970285461711,10.941961194478013,11.48537463319265
2011-02-10,2.1653895461244312,11.748520355060277,10.105496227058385,10.890131462513114
2011-02-11,8.720066243561387,10.752888319537579,8.098129885379487,9.434609073027495
2011-02-14,17.73605619275308,10.624203448181987,8.343273732208749,9.357445481468627
2011-02-15,2.1798632594308978,11.47455780624679,10.746037023422526,10.862788615961325
2011-02-16,0.04857076969769794,10.52759037053431,8.541821145452396,9.415412266400537
2011-02-17,4.593315228824119,9.51732275993623,6.499169134085072,7.926261504955943
2011-02-18,4.839264329684492,9.163198048912596,6.221970392451743,7.494045027350623
2011-02-22,0.00850759835988936,8.896095231695561,6.092462713921174,7.218942193160974
2011-02-23,14.931147923514859,8.162233753895107,4.806329293067595,6.187514155126046
2011-02-24,0.3587582082096967,9.138412954306698,7.620756007751522,7.811446270597763
2011-02-25,5.675478662822872,8.400040198258473,5.943191537443839,6.711885082962103
2011-02-28,0.23174929868315675,8.352970413849285,6.108148019756442,6.713215545607852
2011-03-01,6.732790173595063,7.736233576267235,4.872429819477626,5.826371389300034
2011-03-02,0.01740570121916279,7.915571821026483,5.634467691826751,6.22318594078022
2011-03-03,9.232954117730625,7.351329418914295,4.493854018450516,5.403734410994612
2011-03-04,48.531654988012406,7.862233013972679,5.993941777046089,6.311467539777928
2011-03-07,16.26458625332556,12.456172816176224,16.76357155434743,13.65328706868782
2011-03-08,13.342944972705077,12.835209525087318,16.16681925809711,13.916254309262838
2011-03-09,39.428685793034795,12.838957197987359,15.032764366165916,13.716856803889556
2011-03-10,15.113112544897366,15.610641641402873,20.718104560585584,17.957866542103844
2011-03-11,0.004814594257580452,15.324819984341971,18.598553390423874,17.12249513673162
2011-03-14,4.0030588334616475,13.48466422348544,13.398130813874548,13.996159166501457
2011-03-15,0.20285284918387944,12.385410793592236,10.815850136757135,12.205093266899569
2011-03-16,1.5270517820286116,11.071925907998097,8.09984873570011,10.152034252915424
2011-03-17,10.093362538481323,10.124935854880974,6.561892569616644,8.756395769806742
2011-03-18,5.471932667327147,10.250027894125576,7.6280801216172405,9.046949428224327
2011-03-21,27.28206173330554,9.863110570871163,7.215363104312813,8.521249445780127
2011-03-22,1.8020192906384083,11.857546862408672,12.33674621634638,11.812943670500466
2011-03-23,5.75027708566745,10.804593622620295,9.54113294866091,10.102929582221424
2011-03-24,4.6671040712758485,10.351818826847209,8.598767225707128,9.399387818102984
2011-03-28,54.967260168199346,9.861971303792789,7.682853851728826,8.6677077633865
2011-03-29,0.4479360009874685,14.794941720425449,19.51885568726668,16.596352591300892
2011-03-30,45.85088247369755,13.09296855063169,14.140268154442444,13.656016458372347
2011-03-31,10.034975411937397,16.50256944767506,21.696425222176742,18.750694183737846
2011-04-01,43.81991254811407,15.524351267582261,18.012284050764165,16.91826216751348
2011-04-04,48.12616031669027,18.300138428315925,23.853507842361616,21.222677177424263
2011-04-06,5.5370378872081245,21.055459270002075,28.934078723019756,25.342920902263625
2011-04-07,0.37381565256116367,18.816645880945345,21.87047730584906,21.38181858126461
2011-04-08,15.058906525456424,16.41497177398058,15.737657946268465,17.41702423487297
2011-04-11,1.5752729165346557,15.985032010070066,15.163142158189688,16.687168930579862
2011-04-12,0.18574482704865708,14.197982047411875,11.426908339948923,13.909390160368364
2011-04-13,0.6005732054823972,12.570873581598544,8.515456481629013,11.49206614274081
2011-04-14,0.46419286672886123,11.26769604575,6.617850856876171,9.653676104507642
2011-04-15,15.211260488790058,10.174223241470937,5.280241565912487,8.181767342445582
2011-04-18,55.464556273462094,10.83401909114146,8.015789941950056,9.510027327403566
2011-04-19,30.586257086958405,15.65255281901463,19.87084944806712,17.051626409550114
2011-04-20,0.012940735443972107,17.00174659463716,21.850950870804695,19.096550990496297
2011-04-21,3.751222437777888,14.873979743725993,15.63481018773767,15.554097527967691
2011-04-25,41.715644415126896,13.5090007257912,12.290223790847076,13.391119993192486
2011-04-26,16.32700220616525,16.40814467453277,19.40050346636182,17.866411636928767
2011-04-27,4.570664553121955,16.11396728634896,17.99407699813746,17.248642660366066
2011-04-28,0.8640330433957105,14.622649816591013,14.114307782479333,14.865491051261577
2011-04-29,17.62867566004244,12.994477189932615,10.530014130526078,12.356768522399177
2011-05-02,61.78888042048652,13.42568814067656,12.22189731597115,13.11669949715115
2011-05-03,1.8483154123137986,18.469614815860083,24.32807705450049,20.928554680367164
2011-05-04,17.02446660451367,16.284133192659425,17.7916401961894,17.298464761423247
2011-05-05,14.587038933811337,16.08531351628621,17.061499705057393,17.004577153300534
2011-05-06,60.31990677607185,15.662002114290386,15.955793208830832,16.361868985515226
2011-05-09,92.2280518576054,20.16531864103155,26.52953291326841,23.24755738044982
2011-05-10,215.35931338532146,27.28048742241161,41.70199408575475,34.3755015625057
2011-05-11,3.126022963541183,46.240069503915805,82.64093370242492,62.774293639216225
2011-05-12,7.7428759014670625,39.412979377862754,58.17402622697949,50.520460278614216
2011-05-13,1.2122497036122295,34.25032506253034,42.50738259809833,41.636324273542385
2011-05-16,27.073602208672366,29.282656280297548,30.124695010193644,33.52336763693613
2011-05-17,3.0192910195900637,27.914317714934217,28.025688350289172,31.34991939517691
2011-05-18,107.3479217385224,24.22838988371494,20.622393841801806,25.70732407522128
2011-05-19,4.89067348633518,32.24933902218876,41.390285573958465,38.86443011106985
2011-05-20,6.259789981803072,28.01629563058487,30.26873864990781,31.938425202424405
2011-05-23,11.469385713593502,24.656751833151993,22.966610206427664,26.700647286997178
2011-05-24,24.669611140271126,22.42804878009438,19.240479422434973,23.421354594701633
2011-05-25,138.72129055203067,21.9837301348412,19.951580217918618,23.121712756869435
2011-05-26,2.6778041139023117,33.72059525659694,48.70428287326484,42.11535966233675
2011-05-27,25.070084234035473,28.999598331305204,34.74566859075109,34.15460537607805
2011-05-31,15.164696714185695,27.467311670911297,30.70416983026769,31.65277382601996
2011-06-01,22.401759948985433,25.14731942070671,25.47258812693731,28.00987452456713
2011-06-02,3.24009419647035,23.994521943247737,23.67153786786134,26.35754313944945
2011-06-03,1.680114706788433,21.006332264445437,17.685452125431507,21.82382963429873
2011-06-06,12.652771245646695,18.366619648269833,13.185925249475316,17.985816513351875
2011-06-07,17.580848861227864,17.345574842583563,12.81360627177528,16.74269061009479
2011-06-08,10.59481309406576,17.023211528786295,13.779061269192908,16.567338860787626
2011-06-09,1.1901170843337356,16.014847575176045,12.71113955185082,15.343973822132964
2011-06-10,2.309166553056908,14.181790494084796,9.646731382163601,12.793609614072095
2011-06-13,25.62749420239702,12.782834416390514,7.818551168517316,10.959050144771975
2011-06-14,0.01128730603078971,14.099399071403237,12.341153744970672,13.320985995065781
2011-06-15,36.73958508283671,12.470733499205355,9.100384745378879,10.999654844858528
2011-06-16,1.1526266724398009,15.020356927351436,15.975661080888408,15.361857557416283
2011-06-17,0.08885641016820156,13.354398243906944,11.880436351940105,12.795306220043111
2011-06-20,36.32387349715835,11.862124261388528,8.803056922675605,10.598216913356557
2011-06-21,1.9030244530481966,14.472322691267951,15.668351293862388,14.783480954020956
2011-06-22,4.451076534733126,12.980282323301347,11.855251621632199,12.46179772032933
2011-06-23,1.8511618249336315,12.015345131560027,9.866791842649116,11.070735315839707
2011-06-24,2.297058078334511,10.940462310018521,7.856248820515044,9.53547050587633
2011-06-27,0.5420293673972741,10.097811074793398,6.585341133953587,8.400042530099116
2011-06-28,0.43902962684111857,9.213848997897212,5.277194028401642,7.205946953220583
2011-06-29,7.362636836127486,8.47101886414231,4.352863732198928,6.247538602723609
2011-06-30,1.0574457639023882,8.590803644722163,5.433570561820677,6.622623472971221
2011-07-01,0.7599651113631657,8.02078789815487,4.613562288166605,5.888572945967647
2011-07-05,5.569548330683605,7.517256412550673,3.976427696419964,5.265173200891476
2011-07-06,3.3331843836877204,7.610804840445723,4.730567400354563,5.584530958956953
2011-07-07,0.001125340723234734,7.450906553753884,4.694511243796242,5.441694342584997
2011-07-08,0.3570821476999089,6.964870365050086,3.843991767268291,4.784848222431822
2011-07-11,7.6441721033715275,6.600223708807143,3.3478273605172717,4.325034379122613
2011-07-12,19.150843541470035,7.071712740275514,4.812797256815214,5.152645335636052
2011-07-13,6.544612325151291,8.683341741920062,8.67091873015092,7.684613391550165
2011-07-14,21.280276879239317,8.679781514495888,8.197709197036223,7.656745730098796
2011-07-15,6.450743211248095,10.240787316055302,11.524345674532245,10.006980241328966
2011-07-18,0.9069430710859494,9.959344587136172,10.134986563730477,9.472185094238688
2011-07-19,0.5891577241358495,9.13793194367014,7.806525845875617,8.110969181595955
2011-07-20,0.3877547981437723,8.424095133233582,6.127928017825778,6.985700054561877
2011-07-21,14.006243771212615,7.811680527657956,4.92468136210215,6.067538460690077
2011-07-22,2.9960151596055487,8.750000012037836,7.472865276981649,7.565778018361266
2011-07-25,3.737077224872864,8.358346421356943,6.4951394951084245,6.964721202727104
2011-07-26,0.008588657735661248,8.112718906510157,6.007010068089707,6.595989198672446
2011-07-27,5.144638330094124,7.513626460514378,4.747636358985334,5.696262563514525
2011-07-28,10.470559303454717,7.562701975009831,5.15515085255951,5.85281694055058
2011-07-29,31.44922526230152,8.168596042439374,6.755008772388944,6.818984381110545
2011-08-01,2.142704507085276,10.896808773686324,13.053145059611476,11.173262379785786
2011-08-02,20.882361199432868,10.045284897698474,10.117786199238504,9.665472803247445
2011-08-03,0.6327410252631293,11.329157433174398,12.744986211565699,11.636168199447816
2011-08-04,0.8782894004152204,10.24300039836818,9.531858724877253,9.772559470856182
2011-08-05,10.018957020421396,9.369750695977306,7.385026320219296,8.343144774904703
2011-08-08,4.2778163593445075,9.616856626337867,8.175201895890957,8.761819681907532
2011-08-09,8.347200764899227,9.212124461016499,7.2953568011001755,8.10138148883122
2011-08-10,4.232819630254824,9.308916052959333,7.6992993828028125,8.289310989662068
2011-08-11,0.6374295936561799,8.952381732053253,6.957221464682346,7.721442835365055
2011-08-12,4.236382195405348,8.27558750619853,5.556348457915549,6.686429270656688
2011-08-15,5.816335124209447,8.09718979092022,5.485720140910165,6.458097181572088
2011-08-16,0.17219020575435848,8.117167538695183,5.828734243439868,6.566802674114317
2011-08-17,1.1211386793168951,7.534673486781054,4.665689642677337,5.699968790202348
2011-08-18,12.94092536526473,7.153098665103371,4.101748989148786,5.1773487526333
2011-08-19,0.3326081170165839,8.09164439268954,6.643437176619468,6.758144980764097
2011-08-22,21.168885324519476,7.530566742658476,5.2652123426830695,5.877049627980221
2011-08-23,3.1190876226469726,9.277443965607969,9.48187335832406,8.58543505491521
2011-08-24,0.164660058703668,8.808118911251984,7.90599353242267,7.789506839499977
2011-08-25,3.9018566215120827,8.105964642989882,6.091072149261996,6.663752474960023
2011-08-26,0.049653030393051426,7.9212418214047755,5.770217829547072,6.385578160079725
2011-08-29,24.42070734647655,7.359446571515711,4.595117054900219,5.537053187572872
2011-08-30,4.908176871048883,9.480889327697472,9.827324278047307,8.848451597484832
2011-08-31,42.367463703598865,9.166449578000332,8.586716271293472,8.27264962768919
2011-09-01,1.6400569575795334,12.881801657329966,17.01742095056462,13.93678192275356
2011-09-02,13.153873354429008,11.635461139948866,12.717005632187517,11.75119622279228
2011-09-06,2.3943966218847113,11.82552879830363,12.615602163704228,11.97775500448358
2011-09-07,7.97956574258175,10.84095478847481,9.879532074939783,10.329641150269907
2011-09-08,9.22914772228853,10.618528061989277,9.383734363589896,9.984384709332467
2011-09-09,0.18555128491193978,10.56698733775301,9.352749955351056,9.922826511752637
2011-09-12,8.346835226089143,9.564480734621652,7.090290479170521,8.349471029018687
2011-09-13,1.2923652477903154,9.600619390218899,7.558311303421608,8.440817413948903
2011-09-14,5.873097290438254,8.881822861616692,6.1316519797036,7.360650647075124
2011-09-15,7.1153181681675886,8.772848379099711,6.286609456271164,7.257066339529464
2011-09-16,0.13077092425487713,8.814461997240555,6.700923366859571,7.378276708289582
2011-09-19,42.700284154813744,8.107619772588905,5.254691107891397,6.333769382983991
2011-09-20,7.69800570318012,12.040440739623502,14.810523662790862,12.687662218216474
2011-09-21,47.317699921538065,11.581789198610798,12.701956864222877,11.755658398149965
2011-09-22,0.09701262936247272,15.40703000759173,21.071691148403414,17.49176951184622
2011-09-23,22.9140016258789,13.56251739251796,15.120228999690891,14.302403322260364
2011-09-26,1.3997660113392834,14.456963412113199,16.68555549570821,15.635096886662872
2011-09-27,10.003518595485259,12.914152444200457,12.429438122853123,13.05851849307283
2011-09-28,0.00046062590899284653,12.549893597263285,11.637303310335,12.477451474381692
2011-09-29,5.388932614074647,11.186632856518067,8.614098339728983,10.332670893114006
2011-09-30,8.007257983710963,10.6297868060069,7.872270069499313,9.521528887739024
2011-10-03,0.7281463156840243,10.446625368671059,8.011442309508151,9.309562794768226
2011-10-04,7.195241331430201,9.522411779061537,6.303166491113951,7.953533269639775
2011-10-05,6.476549246761198,9.44356419921932,6.732105856186507,7.978499010477948
2011-10-06,15.937722790860223,9.302002790595477,6.848717406004139,7.842822034310927
2011-10-07,45.765112171469106,10.1889447717413,9.273493135311035,9.281116069284305
2011-10-10,2.940647105944533,14.08900765367514,18.33129354616242,15.286925585229524
2011-10-11,3.181788742501751,12.773034053107235,13.942054887891524,13.043776931336387
2011-10-12,16.06257934594664,11.709034309440352,10.986044944920447,11.298839843625645
2011-10-13,0.07898454739748263,12.19515784956152,12.14712047111596,12.026697961335948
2011-10-14,3.262824545905638,10.901254628688354,8.983844497879797,9.990478323991697
2011-10-17,0.6176316964214378,10.167848664463023,7.599427262021877,8.904444038933802
2011-10-18,0.06674668823551208,9.279862330997828,5.992690571515207,7.616032961705065
2011-10-19,0.3764934923657239,8.486164402825509,4.752210319407496,6.510453447719093
2011-10-20,7.2137417421617265,7.86187711560634,3.97665897299378,5.688904046628493
2011-10-21,1.4811779067092974,8.070646778586346,5.138187874328105,6.157802033107288
2011-10-24,1.1866146868382057,7.635083439944621,4.51561866694365,5.591252775740576
2011-10-25,32.372307121460615,7.243184805342333,4.01486400682721,5.102662146213085
2011-10-26,5.0773028671102685,10.22856182180083,11.399196171875701,9.975521268521192
2011-10-27,0.00987076076608587,9.80345360221209,9.708634578803478,9.215806792588717
2011-10-28,52.65654100662192,8.913648343743176,7.291275708559822,7.762288503876287
2011-10-31,59.269454282047725,13.764508516927709,18.67717018801387,15.49279457966794
2011-11-01,39.35870302095258,18.482753039252778,28.13902198096385,22.39069332415717
2011-11-02,24.84579784338522,20.276135120389583,29.70584248205753,24.78568622535193
2011-11-03,40.32437604710107,20.220699124279857,27.185810918570496,24.227241638580452
2011-11-04,108.48948489882007,21.81760141858179,29.290219445637845,26.183833434318895
2011-11-07,16.49176547337738,30.374425353514,47.62869780859898,39.43264984969902
2011-11-08,2.736132267216474,27.695183426280845,37.43000823390805,34.2812759099273
2011-11-09,5.332723234752685,24.01689946027886,27.013765979604813,27.986994663610343
2011-11-10,16.110228932610582,21.246959171433506,20.500430969146052,23.433391520813064
2011-11-11,17.649451134916465,20.09737700753592,18.696097564836304,21.60299304639285
2011-11-14,8.606529082012239,19.308915544726286,17.83781932095179,20.50422301872148
2011-11-15,173.9407476817317,17.696328677549275,15.007107808686314,18.113103938175666
2011-11-16,27.588248163446476,33.908713089410895,54.03505567282077,44.10414997175127
2011-11-17,4.970301310115915,31.799197797997564,44.58161880382058,39.92291328196346
2011-11-18,7.15101553216574,27.652041228982664,32.48118128332575,32.786081191314814
2011-11-21,89.66189010142206,24.449747594452397,24.707603131824484,27.514615872641393
2011-11-22,0.1812666798025681,30.555530088154978,39.81423552636116,36.834267363784996
2011-11-23,6.120569189706243,26.114036708599716,28.018783962482598,29.56839113961902
2011-11-25,0.23325573309324357,23.066953238741622,21.386204104853487,24.80905494674042
2011-11-28,4.296622662376456,19.919201204717286,15.370088928401518,20.094587669810867
2011-11-29,10.865211871944929,17.744202669920192,12.243498705198473,17.063411441279023
2011-11-30,4.04034743049887,16.640508585643484,11.723091127717945,15.72338286632695
2011-12-01,0.3986064743118025,15.002328145076266,9.67420039677999,13.552028717768684
2011-12-02,8.431274090405793,13.259443759630175,7.363952489698609,11.24504070895616
2011-12-05,0.0003654332027935855,12.66891767838264,7.76726521026983,10.782370077732796
2011-12-06,7.564551725371027,11.285171699236635,5.955039089501247,8.996025196936282
2011-12-07,5.441257713649136,10.942281435613626,6.584435545174883,8.82287842560045
2011-12-08,2.058874970651041,10.433023441564949,6.490691302408434,8.339551634960468
2011-12-09,3.7216352301526063,9.652385150379109,5.588064203746724,7.416859883354242
2011-12-12,2.8268738520152605,9.18251151187453,5.379947648552303,6.969638824722453
2011-12-13,9.730414513211732,8.698503439220039,5.015215959328105,6.4512046916835155
2011-12-14,0.22297104366009876,9.030456636357194,6.475440366607856,7.169946967370703
2011-12-15,0.5455180826482612,8.296243460294207,5.122614568897339,6.183862831247418
2011-12-16,5.019829753496522,7.722566590744673,4.273044693323624,5.4618621654430894
2011-12-19,0.9403770330804929,7.722452727053777,4.798137323093796,5.64694052741592
2011-12-20,14.194735475913925,7.289390214807012,4.147955397057874,5.105056438363287
2011-12-21,3.1744728367625927,8.337562127953863,6.985902151744392,6.912541305185604
2011-12-22,10.215869647423613,8.035798635172416,6.204780743943612,6.479710757174455
2011-12-23,10.024885823131862,8.53327697235213,7.413074346255355,7.2717136794553365
2011-12-27,5.671002213466233,8.924906666187,8.195942472316032,7.865042185437416
2011-12-28,0.5646910940889364,8.787071546661378,7.654864537331205,7.651723175356193
2011-12-29,0.1048645391343673,8.130994809196428,6.017660894793117,6.619572638331237
2011-12-30,18.136351956030346,7.538976583306021,4.778813302050192,5.730583521828087
2012-01-03,5.987398946786934,8.962552502282366,8.396159150619063,8.070375576534763
2012-01-04,29.037117938481348,8.85182177215688,7.870838892170794,7.835377653308477
2012-01-05,14.854899670452632,11.206496133050283,13.222047615048485,11.568025071398782
2012-01-06,11.365925346374468,11.650893121039562,13.384153512706467,12.120123376335783
2012-01-09,2.747903232266391,11.648544191567087,12.630901214603641,11.90721054101668
2012-01-10,0.27656795645199433,10.731935020997067,9.977649268752378,10.346257056061066
2012-01-11,23.119403692916517,9.710713222677917,7.542203511352297,8.698706676860546
2012-01-12,21.265823354750065,11.289566549401515,11.529728828142767,11.251021047767255
2012-01-13,1.8487074490470614,12.40008968387251,13.810136379833416,12.95108212783742
2012-01-17,0.18741665610479294,11.25876063110179,10.565043814442499,11.008016523297421
2012-01-18,2.837186652158943,10.137449603590364,7.92369871291477,9.2054952986636
2012-01-19,15.108579186225631,9.490262701639573,6.765538638758728,8.230915219137854
2012-01-20,10.767710674355085,10.256818997407965,9.0108653195703,9.53146932502504
2012-01-23,40.18076899895624,10.43079501856487,9.477842524882082,9.825099772477468
2012-01-24,1.1710017922403773,13.696565443870837,17.08779482015874,14.80379267531088
2012-01-25,7.555083618881248,12.260282410097933,12.649117736170167,12.364435173434414
2012-01-26,7.267151740660574,11.748643694565214,11.181473822593246,11.47743946386791
2012-01-27,6.613533971013587,11.294460371243424,10.101726444729655,10.730985248460144
2012-01-30,1.1131433322558222,10.84903699712739,9.19787227491069,10.035625892565259
2012-01-31,13.914571119333017,9.896459723078234,7.213751209744504,8.588940080644486
2012-02-01,9.177342151725513,10.466415180547926,9.022927052549694,9.612466019843652
2012-02-02,6.17174885271523,10.435543369969054,9.092007167269687,9.620821008879272
2012-02-03,15.66213616542306,10.090986942000626,8.39462924399254,9.088066962899669
2012-02-06,3.3443225030015524,10.812954723405415,10.267366720373555,10.300696686341418
2012-02-07,2.2889762370791513,10.103388259703511,8.50150969067041,9.162372863137156
2012-02-08,1.056463595725029,9.403877054924514,7.0266857903666375,8.104479513856637
2012-02-09,4.458670009708494,8.693887992899638,5.707920567866021,7.0624837159320135
2012-02-10,0.23808671396393022,8.467124347425663,5.644949729054838,6.814470302616278
2012-02-13,6.099511485401328,7.831422777083883,4.5557448839892905,5.907282791027477
2012-02-14,1.7709784473441,7.927173747093759,5.259940814291889,6.148015563304193
2012-02-15,0.2235965705797013,7.547049040228898,4.671090927144382,5.630868516621542
2012-02-16,5.284257232272297,7.068085665761187,3.8830325658797835,4.971528816342559
2012-02-17,17.606165700791884,7.208623700534745,4.595696819533196,5.276986961020402
2012-02-21,0.008780365312816655,8.632757887070719,8.13895304034532,7.530371018549936
2012-02-22,1.885015220558523,7.944226004901144,6.212504688843511,6.433086168777824
2012-02-23,0.7083805901080339,7.573271048588221,5.353841370061801,5.874281985654211
2012-02-24,5.351014982375822,7.141248848945783,4.472276938868489,5.2414675531390715
2012-02-27,4.804666379759621,7.276286236787847,5.017100154353061,5.528991960263006
2012-02-28,23.96052351468582,7.330107688789911,5.256043381625385,5.6635966100082635
2012-02-29,6.815102978113869,9.407756364841028,10.16739315291403,8.873074280501385
2012-03-01,4.941653457468101,9.308286832848768,9.292943256243628,8.603520989805984
2012-03-02,0.29125005781825297,9.027092053704553,8.227848512219802,8.084981078536423
2012-03-05,2.0597492755157116,8.300704388681533,6.343584436080394,6.916550703731675
2012-03-06,0.27807404700352634,7.886971392564624,5.487206311333421,6.284049511789016
2012-03-07,0.05932902560794499,7.355314732117968,4.457271735203098,5.494302026011046
2012-03-08,0.4623493250670491,6.891900124922729,3.69541259062105,4.835831580237441
2012-03-09,5.12984329878149,6.550978601377805,3.2718283559006585,4.382429653555491
2012-03-12,33.15448130867187,6.7640835023704335,4.137482438735432,4.814319826376202
2012-03-13,5.947823450817053,9.91489319028304,11.677282401893052,9.70502628541701
2012-03-14,0.3714505432027663,9.636135610081409,10.11543389321587,9.11789231066472
2012-03-15,12.013398037916568,8.813489127311575,7.660386584601861,7.746096585393499
2012-03-16,2.8841737290973377,9.367963844469799,8.85865653857099,8.563890339452076
2012-03-19,23.292638559565475,8.858134766313508,7.4195761165533085,7.7329099339470435
2012-03-20,1.2354081724005956,10.602039120976206,11.488404491819097,10.39571451253874
2012-03-21,47.97729572399134,9.70492813783045,8.817835425073064,8.899372871461019
2012-03-22,24.09099674274886,13.923041725846577,18.566439123681324,15.60047076831971
2012-03-23,17.46896227024373,14.880387578069339,19.345067528185226,16.729952306486005
2012-03-26,7.813583635966335,14.970223508981844,18.238986778249835,16.53901999134248
2012-03-27,25.47659273440272,14.01984238906451,15.086236407524236,14.852708336749547
2012-03-28,48.375649232944994,15.107594802262497,17.29725729905347,16.50110247016822
2012-03-29,0.8636613967675445,18.438592667486404,24.491221331187063,21.66186199453034
2012-03-30,53.057980531211136,16.15394246099938,17.659718287509712,17.720439604169545
2012-04-02,11.428606652757567,19.801896306847745,25.900630336804717,23.412825762440143
2012-04-03,0.7224360007227939,18.404022455704546,21.24628765920976,20.882459888495653
2012-04-04,11.864990230316819,16.110330392663265,15.395182706636378,17.07822914609401
2012-04-05,9.520393455671593,15.393813807969837,14.136321806118463,15.898359514129666
2012-04-09,0.08998734619571039,14.551714890417289,12.690345955663119,14.635305735221616
2012-04-10,1.082544016123508,12.853592364657416,9.359811948144968,12.049310680725577
2012-04-11,32.738725765551365,11.55293353104461,7.317434056882247,10.171802249941633
2012-04-12,11.960052154718756,13.835814823575369,13.75913975865162,13.861681207025427
2012-04-13,33.618376278668805,13.520661410362964,13.035783344713684,13.44065845956311
2012-04-16,52.02837627162644,15.55840476379431,17.906111471765108,16.76041508605357
2012-04-17,6.466330289899472,19.19953015266036,25.81476779742954,22.482214710829737
2012-04-18,0.01473441793502058,17.378612674548577,19.95754905237088,19.277833082654265
2012-04-19,9.311692364852775,15.186205750805096,14.334331339364814,15.69741544628963
2012-04-20,0.16377004708048878,14.357670378954541,12.774674857186064,14.392513777719323
2012-04-23,2.2840621222989026,12.700759235049285,9.436037584420653,11.870301136250273
2012-04-24,0.7661977215212639,11.553913348397813,7.667565793245638,10.226889292041326
2012-04-25,0.044077441091988426,10.443256923849068,6.076324779099569,8.683091735390056
2012-04-26,3.046862673808778,9.447019892440265,4.804056065170289,7.347811235132621
2012-04-27,14.18936613107729,8.940857998437181,4.67404820261383,6.801420128744296
2012-04-30,1.2436519294668795,9.704366051373174,7.346040716875249,8.17437814130777
2012-05-01,4.242202825717255,8.962552353419682,5.9737325009222175,7.149162479888336
2012-05-02,0.34929728651313646,8.66659717450481,5.773939894899498,6.823928953042369
2012-05-03,23.424995476574292,8.008384473494994,4.671931815331205,5.931648377464203
2012-05-04,4.9322284694003375,9.91251480453448,9.633346523867319,8.996975312518954
2012-05-08,0.7593037791889503,9.526377308082798,8.459397972001952,8.393694013246144
2012-05-09,0.01500938464964456,8.763776390919467,6.618670407833405,7.240436064479561
2012-05-10,0.03866319860490124,8.053367141300471,5.169488682058258,6.205479833837818
2012-05-11,29.2338158470738,7.467676619906228,4.1796430545339645,5.393448576979265
2012-05-14,26.734883168103995,10.081335072724784,10.734636737072393,9.675644434244358
2012-05-15,12.580387678360209,11.980157065614872,14.619176751313752,12.489844588530953
2012-05-16,6.013791811677686,12.050062083530829,13.780430385304657,12.397104873709061
2012-05-17,1.9225008334633906,11.411003236993936,11.576818361081905,11.283207692074624
2012-05-18,0.767154702959289,10.447653906951558,9.048857334334652,9.704892570357103
2012-05-21,10.584804801673092,9.527403495250866,7.025623255917456,8.271635617898655
2012-05-22,20.523969702245292,9.807444812471696,8.068489877025614,8.800838208029205
2012-05-23,0.46706484727009195,11.09419433581914,11.248134413494816,10.78561004764507
2012-05-24,0.49109331237105164,10.03087300345453,8.46234034510691,9.077270796530245
2012-05-25,1.6837629723634349,9.15301991593791,6.554224541747583,7.731645487073117
2012-05-29,7.104587391544995,8.552762321172173,5.538757086080859,6.865370555118454
2012-05-30,8.518868628475586,8.631097376910311,6.184427765635037,7.105160277430169
2012-05-31,0.0006566859200920665,8.846060019508379,6.978541899265974,7.532700626048259
2012-06-01,2.862382960611544,8.119972608540815,5.413193240832635,6.433596315649565
2012-06-04,0.10543347960677596,7.822516668757785,5.046858240286715,6.034316336121481
2012-06-05,3.671807288124513,7.2836248246520405,4.111932729285521,5.269181664946132
2012-06-06,0.9319681579385448,7.215949098972457,4.353375179316117,5.248337344217386
2012-06-07,2.1138390860080194,6.869125481820986,3.840283212694876,4.784406852364962
2012-06-08,10.75669015026361,6.707400822375272,3.7806361711897316,4.611614954243665
2012-06-11,3.5155342216420036,7.490796380888801,5.881512236619818,5.943766765304126
2012-06-12,3.5150779167443686,7.370896067135137,5.53049502662928,5.754747106279385
2012-06-13,1.0320299836874256,7.271573193238542,5.289204144885061,5.624178536866811
2012-06-14,0.011355405994715554,6.9258007850377306,4.508072140903443,5.10256116344878
2012-06-15,14.608913127282674,6.5311817509125705,3.7184279119643318,4.519154875014537
2012-06-18,0.007885050267952335,7.753742877975975,6.793422200585001,6.520371013034772
2012-06-19,0.9248817043685073,7.216328659983896,5.287792048081354,5.636561718241372
2012-06-20,2.6080591564047126,6.868687635823072,4.480548586473006,5.09425976664257
2012-06-21,1.4289326814157157,6.7594918015067496,4.343028222494761,4.950431669796155
2012-06-22,9.404570446854189,6.543935102848594,3.9563310088744004,4.638209139202076
2012-06-25,9.351053836745693,7.2119451356987945,5.66714879874492,5.687117792239432
2012-06-26,0.15671500193604698,7.759360716798658,6.829359447495511,6.554837563545922
2012-06-27,38.84437160375667,7.236775992780671,5.349366720905577,5.688833571191282
2012-06-28,3.71098227849554,10.91016094483458,13.920007106415198,11.528973787505077
2012-06-29,1.8743999009646977,10.222787599203418,11.102040254606514,10.210386310886495
2012-07-02,20.66645995857723,9.458736101015297,8.710725279007608,8.860973745066731
2012-07-03,8.628744527915334,10.820595339154835,11.724714876975979,10.856301723595971
2012-07-05,6.688224090696413,10.67057082766112,10.812405796648772,10.50913090039882
2012-07-06,17.90344682612299,10.340399298771999,9.704677253172528,9.908189175613959
2012-07-09,0.5636965095831079,11.257340928886519,11.722916128882453,11.325292267272507
2012-07-10,13.006436657820977,10.176210175020627,8.812501693397962,9.516146133027874
2012-07-11,13.607862589769434,10.601657665353317,9.896348084459472,10.12182704538268
2012-07-12,1.4306234638508901,11.017749169020078,10.790084511074422,10.769487023451353
2012-07-13,17.924349476197776,10.069844563781086,8.38640991301008,9.227020076027108
2012-07-16,4.378052150972481,11.035546892173086,10.822337702362809,10.697076878621754
2012-07-17,5.100968073096511,10.397402738925845,9.138997915245657,9.666879632098075
2012-07-18,1.675245018626833,9.945761316156142,8.161556465531469,8.949496675098601
2012-07-19,13.836859895147075,9.208228220641875,6.641015901867146,7.824296998085308
2012-07-20,14.173857612382102,9.888329009041753,8.610152334671817,8.996415909506814
2012-07-23,6.453304772846827,10.487202241090547,10.04662589648887,9.902675040571463
2012-07-24,1.8745954358198327,10.163641816632346,9.120305887748653,9.356304716423367
2012-07-25,6.381740846686498,9.409785633350248,7.349158627139271,8.187533917174834
2012-07-26,0.9635686368001759,9.263972602076205,7.249188322662922,8.025854621041802
2012-07-27,5.762404963658221,8.568191319842274,5.8377770852296225,6.984822524807257
2012-07-30,2.1028541357189376,8.501421141284998,6.057261535455313,6.942633681746945
2012-07-31,25.297336882520707,8.057734703015045,5.3011610240623375,6.322757094573685
2012-08-01,0.06555223020642438,10.152094453118947,10.529679800126814,9.744717885849829
2012-08-02,5.5280017549784315,9.208223892136893,7.869200454729581,8.188793539490177
2012-08-03,10.43343633880722,9.006473888077151,7.394927636454687,7.853721612048212
2012-08-06,0.28037815486562945,9.360062872689532,8.284720566276729,8.445776799511323
2012-08-07,10.995931954078515,8.575241975606177,6.379965973367851,7.200754869233089
2012-08-08,0.2511862945110386,9.062713548598843,7.726754942635198,8.025730764380768
2012-08-09,0.050846348508303205,8.325945967091716,5.989363244490624,6.8632862298961355
2012-08-10,0.0030355657597237783,7.694658077957937,4.745983772496851,5.91420577529557
2012-08-13,2.078317650578673,7.166893236747536,3.8798310328498986,5.157745839303962
2012-08-14,2.637436903462352,6.950175006494484,3.7990059191035517,4.911174439931517
2012-08-15,5.173100652731101,6.830079270071521,3.882032495937454,4.81101587188218
2012-08-16,0.14809359045605788,6.999762908863489,4.567463030566222,5.1322619219088015
2012-08-17,0.09478762929524549,6.606933086499016,3.793120609758137,4.564848260615566
2012-08-20,57.52389771282875,6.276022302987284,3.2478732379510182,4.109216970801325
2012-08-21,16.333356460081486,12.097212048000104,17.105239999696245,13.43289265364367
2012-08-22,7.265199951344814,12.545297886752378,16.41861621640023,13.839914125068509
2012-08-23,1.479923674531525,11.953862856714963,13.699591923881036,12.593559222995127
2012-08-24,13.675266279332465,10.850155579092608,10.397699200409457,10.673676288165447
2012-08-27,1.5515787082199715,11.230653008845668,11.151257998174696,11.216003927684783
2012-08-28,1.0123175118951975,10.258961041022378,8.66454086367638,9.599507971416454
2012-08-29,1.7771001291523179,9.397190633182165,6.822321996913214,8.233921877753927
2012-08-30,2.402261893823431,8.764835771196013,5.74609284563901,7.286057932777962
2012-08-31,17.803790780631438,8.307612705813872,5.161561231789762,6.631360805549374
2012-09-04,8.847486775344851,9.563667866429189,8.57672375922541,8.63061933345411
2012-09-05,13.89461114241513,9.65308245835262,8.703684399945738,8.744283254492055
2012-09-06,0.7972773863539531,10.262786495686022,10.041687701513752,9.65825081692486
2012-09-07,6.62156820500601,9.377534965790442,7.715244638369154,8.243985342052015
2012-09-10,7.515087446708561,9.262723673779828,7.560153293581028,8.07585290405681
2012-09-11,0.058049624421976725,9.262495495118968,7.675023347049317,8.128880592610964
2012-09-12,35.95515498492017,8.470862046147326,5.905956525131595,6.913385107121022
2012-09-13,0.003185822533852837,11.625309327633289,13.58642888137064,11.817641706664983
2012-09-14,0.6473157203466259,10.421389568906724,9.953983868234113,9.812833235409181
2012-09-17,2.5194368145703256,9.492938305000065,7.617821587433665,8.340594306794214
2012-09-18,5.446019314030956,8.922899524707043,6.476631509785256,7.4953360706629955
2012-09-20,34.64074358806467,8.761531370951827,6.417801043232152,7.293516403536858
2012-09-21,2.0776432917361,11.726472608061936,13.612372840748456,11.902707402614112
2012-09-24,0.47754668918669696,10.725320487110446,10.485898477354667,10.218728657000135
2012-09-25,37.88853435205724,9.726567212125488,7.9412189262652655,8.632032580116293
2012-09-26,6.906332850953377,12.870198722612653,15.463949370527708,13.488630619787237
2012-09-27,15.226347400426778,12.184784612316292,12.954723078208366,12.294402163317717
2012-09-28,1.7737491056738923,12.500314576440054,13.292531111787849,12.675152616036465
2012-10-01,10.407762045181913,11.333788700160772,10.190830199935734,10.787556551703695
2012-10-02,16.424737672221358,11.284296095693394,10.199373873476995,10.754877975477301
2012-10-03,36.743465323742306,11.881922566474403,11.69636204086029,11.656916069845664
2012-10-04,0.907434913672918,14.533248107859695,17.76027338528165,15.880784939991731
2012-10-05,0.04131856008191822,12.925061233274695,13.04584927365785,13.169241470584653
2012-10-08,1.7489639649508897,11.501598636227968,9.592011049379742,10.8848444347802
2012-10-09,26.349736895910706,10.504246474153394,7.642125209649022,9.371657847846505
2012-10-10,4.095671186878303,12.289439993640526,12.39891965767384,12.326323425320117
2012-10-11,25.932180193239535,11.405624499813065,10.152260639923355,10.903985290415704
2012-10-12,44.92489715377908,12.991441408362576,14.020111637048597,13.464213435529983
2012-10-15,56.16693703305969,16.320229091765874,21.384391469473684,18.448211019996098
2012-10-16,88.9932127422723,20.269543140513427,29.230245277622817,24.510890818300474
2012-10-17,13.290664182852584,27.0234565886618,42.755953410748404,34.82626665701337
2012-10-18,19.17902725018245,24.580920189523848,33.288738405946944,30.126152559609928
2012-10-19,0.6614348669052261,23.183516426903672,28.24322553138688,27.381688436020223
2012-10-22,0.5840770274136127,20.061156915431567,20.187539435798968,22.19662321103158
2012-10-23,9.547430978193907,17.46771147316329,14.633447358685752,18.09497735410263
2012-10-24,30.597902369124085,16.271719599591208,13.03861264835489,16.32157689164942
2012-10-25,44.723757648607176,17.515637077088538,17.15952608125503,18.361332993121167
2012-10-26,33.18854148204886,20.044801608254097,23.491582268845654,22.51298301463931
2012-10-31,0.9540890694644917,20.9146087311721,24.98358747429836,23.666595676345118
2012-11-01,1.7012991138336409,18.21361893545559,18.02042412581477,19.311451812064178
2012-11-02,25.536380309330884,16.05657162815046,13.421328555103209,16.008291784660408
2012-11-05,14.772045845612611,16.80030088020729,16.16814462853669,17.287605685512414
2012-11-06,25.86861266314709,16.273629176250264,15.387832659676711,16.538265393868336
2012-11-07,1.1874144989433466,17.015280187506985,17.601628618270304,17.759771193913103
2012-11-08,9.544486702423645,15.009836701800435,13.006231346806729,14.698093492961947
2012-11-09,1.4832276084288212,14.236348613244097,11.919851269864404,13.642535916481846
2012-11-12,2.9270014161010076,12.74034704384524,9.175689223370798,11.493558383221451
2012-11-13,35.14041580847839,11.654928714623292,7.6480172368993635,10.050275290228875
2012-11-14,0.4855647994378356,14.175165006635845,14.58146095150344,14.158117624346595
2012-11-15,0.00300157666168678,12.583802709270907,10.75719548495401,11.737165496674166
2012-11-16,3.510247615901456,11.214978429516336,8.010021302400984,9.749360719349152
2012-11-19,1.8425310520381806,10.453864057779294,6.9916463517933805,8.754725748883532
2012-11-20,4.134057176688324,9.646679232199567,5.878647649825872,7.698035994437924
2012-11-21,8.911418360778609e-07,9.221559105647314,5.681808258582286,7.260893162022144
2012-11-23,52.465660294449606,8.430806806573234,4.522067661769427,6.219159649680501
2012-11-26,0.028858750980066884,13.344468952048768,16.72719187777969,13.966858323682082
2012-11-27,0.735867697953063,11.847535271745302,12.118309554540946,11.51191012425561
2012-11-28,6.083705361019119,10.683149448480828,9.126836825960204,9.695305532323818
2012-11-29,1.871381220308757,10.286654148756309,8.39674128754628,9.132420560575607
2012-11-30,2.2164216972307424,9.51129561354091,6.851213471940123,8.00057343794039
2012-12-03,9.143235909094134,8.905938737697824,5.874815692219468,7.176127382198566
2012-12-04,6.839688105368719,9.139888290282794,6.920542616927245,7.693933402974783
2012-12-05,0.21796587052318522,9.089108119080972,7.0681815490330075,7.677743190459644
2012-12-06,2.1416329682297826,8.34427419443767,5.528636319479731,6.5834601803997135
2012-12-07,0.4255737392594133,7.931736731848862,4.947561973501165,6.034770092088418
2012-12-10,17.73824873485507,7.408034025174396,4.123044680157052,5.324073928153669
2012-12-11,0.13534389013731649,8.811883108822336,7.846934622751879,7.682705704173099
2012-12-12,40.8846796795064,8.105969864547383,6.04322871347311,6.5738787631564986
2012-12-13,23.44716462138086,11.84637746947902,14.902373691332464,12.355061497118001
2012-12-14,10.901711070581605,13.092629383360151,16.66799857539734,14.189445764715877
2012-12-17,20.747841393235156,12.792996686753696,14.772132973406844,13.520668279880747
2012-12-18,1.2928759844217605,13.589916581781171,15.909570179299983,14.653441810601493
2012-12-19,22.382679639382225,12.184914817935788,11.869782822594928,12.266427186820184
2012-12-20,0.18975624982152212,13.259951849231246,14.320559211400333,13.821926942354041
2012-12-21,0.5064256037916158,11.794633915492135,10.504627615987504,11.424755194441254
2012-12-24,16.173532952036812,10.614996871114407,7.9612441203627,9.587895294027184
2012-12-26,0.1480351338321323,11.301098303183014,10.096328954702056,10.781053703380053
2012-12-27,10.87040859895854,10.168324416712897,7.59189343992124,9.019105872405184
2012-12-28,47.84668493560523,10.368423462737562,8.528342149610339,9.38101923281615
2012-12-31,23.42993952885975,14.458536936331692,18.3351655732886,15.705682992783181
2013-01-02,10.645101802392485,15.253603563785779,19.022341290257444,16.704946240510488
2013-01-03,2.99111987083045,14.554994019958857,16.326168250104033,15.460961021555152
2013-01-04,5.268696107439546,13.164215917031822,12.576876365092316,13.18951994312254
2013-01-07,0.008266356962827154,12.254414677267903,10.565228881495454,11.754614845406053
2013-01-08,1.0588015900226804,10.942812194304114,7.879429108351474,9.763964177824075
2013-01-09,15.945524249475048,9.96833572688233,6.294405022490579,8.365849888914095
2013-01-10,1.4419235897706666,10.741479684970853,8.89456811332226,9.778984860369356
2013-01-11,7.4214946400653785,9.842299705205287,7.086834046763152,8.447880237404556
2013-01-14,7.31301500816691,9.732436503897246,7.3266199200937026,8.406456563748737
2013-01-15,4.1574040928222855,9.629959169466488,7.464489349050469,8.355502130309828
2013-01-16,1.1636466465073527,9.210193213501666,6.777198220702774,7.783264343881691
2013-01-17,0.01792795261099603,8.544898398483024,5.563063955814424,6.827266300122004
2013-01-18,3.4159109541296995,7.872451427018729,4.444923180749659,5.880157909024197
2013-01-22,1.5257574820430873,7.67632344115695,4.518751259764897,5.688318002581802
2013-01-23,4.376527338972276,7.313325037473868,4.101062220225376,5.236383314456255
2013-01-24,18.073004164562263,7.315334817214232,4.5205489179438985,5.360677310799203
2013-01-25,8.243631189818787,8.770659395906199,8.20301144258057,7.672611807938324
2013-01-28,4.30713614478301,8.932401838073622,8.297266593328548,7.890234403334385
2013-01-29,22.45479276442928,8.648524932571856,7.386491310757416,7.418895192538199
2013-01-30,8.506201071789151,10.339563606344699,11.258038799104952,10.011258896494681
2013-01-31,38.638300705088966,10.259282634926679,10.46139226824342,9.8221237849532
2013-02-01,18.527737291541616,13.390849324478236,17.381322488868012,14.54951685519295
2013-02-04,1.4446940634491892,13.84929521917389,17.152115874708308,14.992599647252083
2013-02-05,4.9588847310765,12.415786851866688,12.761137622500064,12.551836572653592
2013-02-06,0.10643294957345922,11.601852742852598,10.615054581841408,11.201178461434742
2013-02-07,0.041856147798652515,10.412926127087326,7.9379909768722845,9.343593909644541
2013-02-08,21.263960156036944,9.421671000969912,6.0826239523906604,7.8684981204359135
2013-02-11,6.253418382340264,10.853321395957606,10.067063917796002,10.283531980128398
2013-02-12,42.83325776318371,10.4455645469045,9.084812947362021,9.623976390192784
2013-02-13,54.3123558196622,13.990313224939367,17.4750868782709,15.078427166202726
2013-02-14,0.6259437178061095,18.14359745554036,26.084630736615534,21.25431448888858
2013-02-15,0.08188396550742291,15.884463939304439,18.695611248531637,17.355689377370886
2013-02-19,0.6558098964915653,13.95621501710804,13.483916791908895,14.193060727154455
2013-02-20,16.225696257268254,12.420586400678843,10.045281928222519,11.79252522792673
2013-02-21,26.604499484364165,12.801617320962489,11.541162005982244,12.44262756818419
2013-02-22,2.5528204724601604,14.218644227052383,15.14101470174488,14.650410847701234
2013-02-25,15.701569267525384,12.839208321719836,11.65395933329603,12.462997610711367
2013-02-26,0.0002992380539806069,13.09259810121988,12.516567813407677,12.885713252799933
2013-02-27,3.1923428695654867,11.635961408877195,9.218185644753156,10.654573028029771
2013-02-28,14.808967615502436,10.768686906357471,7.742972311301141,9.416593947319566
2013-03-01,128.17282917442643,11.283523143348116,9.608193648903399,10.337731529253865
2013-03-04,0.041443586912570614,23.741543593602934,38.98341839515276,29.5796384618025
2013-03-05,8.605044179875799,20.45738728205991,27.413293255432585,23.825247676529425
2013-03-06,4.337639809184103,18.647076795283315,21.585880903771187,20.731596065518698
2013-03-07,2.424776543670773,16.69526896075285,16.524425735671436,17.549733911174346
2013-03-08,6.748521103259198,14.876201516060014,12.572745262794317,14.741099897635387
2013-03-11,1.9385226683345724,13.828955300774268,10.92911850454629,13.219786867663405
2013-03-12,22.021520270844086,12.451357867794167,8.607804570350273,11.234568870838322
2013-03-13,11.998764248124896,13.442228740784296,11.989808886564685,12.949283423364031
2013-03-14,18.426662219485618,13.198890697438959,11.829700544695154,12.727728470915459
2013-03-15,33.40010242563887,13.679630811642959,13.31264501940426,13.636814092902632
2013-03-18,0.9565755315825367,15.666861174449314,18.04224599627043,16.701984270044598
2013-03-19,11.067008572728898,13.868879829298058,13.251765690121706,13.820021603153
2013-03-20,14.56281609416081,13.453256203393797,12.4658627407786,13.257234921453469
2013-03-21,3.4665443630819905,13.48015398696582,12.792208360593392,13.402876238153313
2013-03-22,4.8194968516863765,12.324734056862471,10.266573171607764,11.646809056249811
2013-03-25,2.7564402404860076,11.511669538872438,8.866539972062562,10.464767024309324
2013-03-26,19.270043394024416,10.61951231675084,7.393337962837611,9.21027999030613
2013-03-27,0.8521505513606772,11.633481714960844,10.473503158030017,10.903667016129932
2013-03-28,0.5707480826485378,10.51826003957389,8.025536091055871,9.23079286781988
2013-04-01,0.00802509112195525,9.565018196397693,6.273843886318616,7.865712835882481
2013-04-02,0.5142928144392093,8.716033935895755,4.9308335579181595,6.697391400591371
2013-04-03,0.09964011281660655,8.06682848788817,4.133537107033078,5.8615323527011105
2013-04-04,9.934665967970487,7.485293994196566,3.4829700093878726,5.132515266263973
2013-04-05,12.814741523390312,8.04762773017227,5.473278198810823,6.163474970245382
2013-04-08,10.297435637186029,8.818899578988926,7.554520275937613,7.514464023334783
2013-04-09,0.8056410721280255,9.190321776811306,8.360670392751723,8.100974377856438
2013-04-10,4.677455985937135,8.490448820028998,6.562319649663464,7.017429332767661
2013-04-11,0.0010967416270907485,8.321902437874304,6.2862116473367164,6.791142101997893
2013-04-12,11.80529916185194,7.686030017544345,4.937614257462918,5.848929504254624
2013-04-15,1.2427260045089086,8.412369709711072,6.936316421377175,7.096234907871088
2013-04-16,2.4606429889915944,7.892713602240491,5.691988624416838,6.292293456347475
2013-04-17,9.172222275430583,7.591713695910532,5.138855081567609,5.870267142093289
2013-04-18,4.4338259292909825,8.0548194426162,6.422060279557658,6.620688927837812
2013-04-19,21.96275950302335,7.935354860193746,6.129465842589198,6.461910984923871
2013-04-22,5.626598229396825,9.696855311524832,10.27242357903929,9.292212050478176
2013-04-23,2.3206669627820595,9.42151284356337,9.070574348968416,8.769609012563093
2013-04-24,4.895528174639051,8.842664818873432,7.425533737413555,7.800114952245812
2013-04-25,0.26005449608209635,8.636673279563746,6.933353312653004,7.469775370668887
2013-04-26,2.1525510634644376,7.974136555434481,5.4464285311917005,6.427717364561281
2013-04-29,0.8681200083856357,7.626430855205365,4.893784142547549,5.925107073532527
2013-04-30,0.9609598651975343,7.202217599730044,4.195766029514676,5.312217305974901
2013-05-01,7.703047567483616,6.860833148796861,3.739177397413113,4.839513579864297
2013-05-02,4.326422957648482,7.293739485404191,5.096277469479668,5.608606820780597
2013-05-03,0.01452395021122777,7.293800699141252,5.191927159304587,5.6229032328431146
2013-05-06,0.002294560915604684,6.836212715113224,4.1890779881110065,4.929920118372864
2013-05-07,22.759786051145795,6.456043419173699,3.4970071497678465,4.381481621292241
2013-05-08,0.4250399872275023,8.556614178489294,8.661225073275897,7.786106086770655
2013-05-09,1.7654147490470626,7.925360187087898,6.6745055317403,6.70497277314991
2013-05-10,5.330672041144833,7.544956961141511,5.641634877774557,6.078458588601173
2013-05-13,13.229087523579338,7.608387325305316,5.81550423543978,6.157420131662539
2013-05-14,11.614197841236585,8.499195727840728,7.892340425066066,7.509720992214697
2013-05-15,9.382131003784146,9.065368139085205,8.91909877604919,8.312299231085753
2013-05-16,4.585328532756144,9.297246693835184,9.07141903892235,8.630123508115087
2013-05-17,0.009114343412906836,8.980132941540568,7.987339174008791,8.071963878618432
2013-05-20,7.623654056552486,8.231879260446094,6.108416212380166,6.860253478310455
2013-05-21,18.81034967127873,8.420504842999298,6.704464942286421,7.188643619672716
2013-05-22,6.239721298782008,9.763969739790696,9.886269908830226,9.333747066996553
2013-05-23,0.10444381726328868,9.542155046211626,8.957198147141877,8.872801100771436
2013-05-24,3.379829032338029,8.707337118163746,6.798413800664612,7.507263167556297
2013-05-28,10.238915523178695,8.363758282159882,6.126851836160384,6.965453412575851
2013-05-29,0.6305368569827857,8.807265261093704,7.365241947990907,7.712549091949868
2013-05-30,9.378553083007565,8.154703164663049,5.834984065684629,6.681618780302349
2013-05-31,4.671708407800536,8.542859258161087,6.95149095360545,7.343672463871101
2013-06-03,0.6181523413586694,8.364686949709029,6.552180104303137,7.072117119275185
2013-06-04,4.153312864400064,7.786945036039172,5.273274345758998,6.171265020608346
2013-06-05,6.1704406151033675,7.683789641993311,5.270638738951822,6.060228233324533
2013-06-06,11.3182344346858,7.812465209301381,5.76870946111828,6.312773990868736
2013-06-07,15.113494175932512,8.465360788724738,7.38664377917604,7.37986970528819
2013-06-10,5.724703520645467,9.40874763527792,9.438833850849749,8.861219285093561
2013-06-11,24.94409979729152,9.193379230486125,8.52214169748808,8.446297601430611
2013-06-12,4.01607267019999,11.054889131879886,12.655220736280672,11.227976108436263
2013-06-13,11.187556634449148,10.374999332171853,10.308634653346978,10.024479670146595
2013-06-14,18.783703998620027,10.57320525375247,10.473562794430146,10.284644451483857
2013-06-17,0.10349607768025512,11.543523533532657,12.469347994254573,11.770557860981329
2013-06-18,1.185396806506495,10.36431930698722,9.211315818276601,9.792635838453634
2013-06-19,0.8068534472054911,9.502794208724223,7.24089378246401,8.415392263173526
2013-06-20,0.45217345986402885,8.749296809543633,5.793241125971779,7.261304087273452
2013-06-21,6.189285996717305,8.087776341255923,4.710687974861348,6.295723191515734
2013-06-24,4.256565063806162,8.148956170527587,5.388647294791227,6.468976960458784
2013-06-25,8.49857150382971,7.99448431615102,5.375497285989706,6.289924973727042
2013-06-26,0.6092223281584283,8.316806202009703,6.4177098764866045,6.841577181204791
2013-06-27,9.039015763055406,7.746353203924767,5.178669175667999,5.988017801243127
2013-06-28,0.007211885091126994,8.16871933934911,6.416404809050221,6.691782953970543
2013-07-01,6.289987013173125,7.559847288326011,5.028583153219624,5.771612445619184
2013-07-02,0.08128379520373206,7.722531983145467,5.632023101915783,6.072144913249294
2013-07-03,2.450622501635758,7.198276919185949,4.508004557697418,5.295495528977236
2013-07-05,8.364415020113968,7.015674072944551,4.322877023485178,5.082568069041701
2013-07-08,2.77550968578909,7.492137385106502,5.661226398288774,5.911774928324156
2013-07-09,3.0823243254972748,7.293464693204591,5.195748689581851,5.6233039237115
2013-07-10,2.524706722250606,7.161532135584303,4.951961424982707,5.447565718338437
2013-07-11,5.140733620746696e-06,6.99311316362167,4.646271482937636,5.20164502023841
2013-07-12,1.8688990956110476,6.585710059633041,3.8105694629033517,4.595372151085831
2013-07-15,3.927285595627633,6.446743543290501,3.6995197076841437,4.432413930463869
2013-07-16,13.586958296391899,6.550147353995925,4.13332564187251,4.650974365695863
2013-07-17,0.24420916999419934,7.6609818663193305,6.825231864755087,6.380287069020396
2013-07-18,8.977619925646128,7.164606876136431,5.368213405523979,5.565946625024132
2013-07-19,0.9079041621915744,7.680531830175241,6.531422317300645,6.3963263036665365
2013-07-22,0.14664373300505,7.251234293936069,5.330817898113881,5.690497813830498
2013-07-23,4.557831060448431,6.814991190186788,4.317249119816641,5.0047997130732345
2013-07-24,0.006368823563310684,6.921969395439926,4.714017583765252,5.184576057835742
2013-07-25,0.16369195836919956,6.5274802112272345,3.858693665267854,4.582985674833416
2013-07-26,5.091456009410371,6.2175504057030775,3.310003108803316,4.134272653236467
2013-07-29,4.0150266330377065,6.483939148749482,4.154198564430407,4.612167101940645
2013-07-30,0.13062172385612023,6.590256678584572,4.467471405265243,4.786316226513293
2013-07-31,3.2473643383600725,6.266017868907271,3.7200882565067857,4.289204492231592
2013-08-01,12.882258705286752,6.328348344374325,3.9789608573408675,4.406267878931837
2013-08-02,0.3115735422585927,7.402545346792678,6.5445329089904405,6.072229982384063
2013-08-05,0.29329178788615695,6.95777758095065,5.1920441888761095,5.332746445821554
2013-08-06,2.7474830316426453,6.5875807421370975,4.2582422283567745,4.7482003902489405
2013-08-07,1.4358943232874537,6.541539962882222,4.224837219884001,4.701059772745744
2013-08-08,3.909467412271959,6.364215327842665,3.876849256749952,4.442744579335326
2013-08-09,1.0324803554665412,6.47992495373512,4.250750005525016,4.656116166136774
2013-08-12,10.697209832575826,6.270383751194259,3.794680029663978,4.333836540567122
2013-08-13,17.80693771246071,7.122644358047524,5.876421202821981,5.714700100037224
2013-08-14,2.7852484391519896,8.582877870788018,9.06867144144552,8.00230936476147
2013-08-15,9.122855155305064,8.197603996778856,7.5393581739352555,7.273404457277747
2013-08-16,0.20693479961342573,8.55124184941594,8.059169987460997,7.719048036798766
2013-08-19,1.353550502910636,7.89776367907402,6.206793482586778,6.61422878732359
2013-08-20,3.392462123972244,7.478394986905645,5.218210503340701,5.937460582762426
2013-08-21,0.5745344568628632,7.347565902818212,5.04425243367208,5.729673273265641
2013-08-22,0.01772076426906908,6.940165051976935,4.226394232097848,5.108610400134559
2013-08-23,0.09918501535443708,6.5437505830111595,3.526469388762117,4.524998151499203
2013-08-26,6.750264750807836,6.224175490785203,3.065751589828939,4.078011663764333
2013-08-27,9.769473612998727,6.665480397280499,4.397461124307387,4.811858788449106
2013-08-28,10.57254449940472,7.351310179749382,6.060671365225675,5.883645645066145
2013-08-29,6.9119454749910165,8.004393038957057,7.402449938131191,6.859950974889989
2013-08-30,0.966514600300458,8.156615563563683,7.417198375770024,7.03192097330396
2013-09-03,22.92759746167584,7.651640206903736,5.953943925819253,6.196466485041738
2013-09-04,33.66074833908783,9.564348731115995,10.39093024139319,9.124554214613543
2013-09-05,19.33917800810937,12.287174472749228,16.099379629101133,13.186482643970315
2013-09-06,0.41631758724818835,13.021601567325332,16.472405333788487,14.050331614990823
2013-09-09,10.787991603653285,11.621331715045743,12.039269638332433,11.643060010892563
2013-09-10,0.6266814749741392,11.562729727512519,11.56363228683378,11.493581370886671
2013-09-11,2.535939122499759,10.435749260374024,8.718669385005256,9.659135140664992
2013-09-12,0.9416630579572705,9.70527473982844,7.237094402920131,8.537833404216746
2013-09-13,2.0933366468224284,8.931253467260433,5.82403895597561,7.379871412133439
2013-09-16,7.125883663105026,8.412614931056922,5.138559248678119,6.66592940995004
2013-09-17,36.05108920413941,8.517319118791454,5.914736424000801,6.913870496904756
2013-09-18,10.236158167735114,11.673956488496074,13.616235672348278,11.833693252749995
2013-09-19,6.256297190597903,11.547733480589185,12.510383594141821,11.496827243456734
2013-09-20,0.058572216029123526,11.020825828724076,10.764288691446486,10.581171746309144
2013-09-23,42.20657351349024,9.92677080772121,8.028666354097078,8.846880203821797
2013-09-24,0.035082861350031656,13.494252610915947,16.59412302068748,14.363304572775885
2013-09-25,21.47136255394328,11.972212963576931,12.02842271420888,11.825571095307158
2013-09-26,29.57099186433128,12.987118424550326,14.203716667359917,13.325452585418773
2013-09-27,0.48332026024797614,14.687079887823487,17.705561290404436,15.831061803162477
2013-09-30,142.62616482935348,13.0074171353096,12.903154084650327,13.055973087946487
2013-10-01,1.945697775630926,26.702873378197427,44.82913238842529,34.83656633632972
2013-10-02,4.9604657648135415,23.11139979854738,31.901690795851483,28.291587437431915
2013-10-03,32.45315399107023,20.457719085561145,23.766586539921896,23.612773146277306
2013-10-04,32.67823586187117,21.17844447410335,24.990295475887187,24.585013605683958
2013-10-07,17.70557018169638,21.79907578792523,25.886863991019084,25.389609147997213
2013-10-08,171.92964928640694,20.72383547316988,22.79237681703959,23.406102935680966
2013-10-10,2.436444859962105,36.201966858623884,58.885790766585885,47.93877674691121
2013-10-11,1.7183463261116518,31.028495215608192,41.681391740350705,38.693014850874484
2013-10-14,10.122958099187722,26.668776200599623,29.682591215433817,31.294197036472198
2013-10-15,0.217444806437053,23.95105274026466,23.521243112434803,26.87705134642515
2013-10-16,0.1448673535801619,20.649535282875412,16.833118741081876,21.722691784733957
2013-10-17,1.3484486600999384,17.908258928025482,12.219839133758247,17.64644751261276
2013-10-18,0.38144935774581457,15.766291825798259,9.348404932210496,14.628767527008295
2013-10-21,3.4273280674738213,13.890165523010289,7.135852258871193,12.091284151791669
2013-10-22,1.1263958786056065,12.660051119057895,6.370471053955968,10.605961309812024
2013-10-23,21.68904212911708,11.39734041623968,5.274377385586762,9.040833748850618
2013-10-24,5.765335715927884,12.53424159526459,9.617074985739759,11.16514443101033
2013-10-25,25.37104091647938,11.785522081367866,8.654677481830117,10.239440369240532
2013-10-28,0.7699577295392172,13.246431150934,12.852087675109097,12.711662715850789
2013-10-29,4.382693158079697,11.845018164419756,9.639451111668548,10.647099654941881
2013-10-30,3.05277745226202,11.068117163567198,8.327407303563017,9.605119153467408
2013-10-31,4.907780008248115,10.28371352931351,7.096347159770301,8.566268348176253
2013-11-01,5.590525658816679,9.831125706531248,6.710211189524991,8.075979496081557
2013-11-04,31.64985178048984,9.52885683125484,6.614100913640795,7.804485600660831
2013-11-05,7.413278439854797,12.044363773588405,13.006048693818549,11.817126136534396
2013-11-06,10.580173227155214,11.554818156561806,11.39157290764061,11.061837858374398
2013-11-07,0.575009324956191,11.485601598560475,11.067109922018929,10.944380132012618
2013-11-08,11.147050103859993,10.366404942341642,8.364712215317017,9.220666691552427
2013-11-11,22.941423405213573,10.56179019895373,9.127889333798475,9.643980503182373
2013-11-12,15.67249993996814,11.975347140019467,12.575119081576265,11.966393321322466
2013-11-13,45.44284423634577,12.374257526401438,13.142276687827875,12.572103706156266
2013-11-14,10.786419446919137,15.864188103734666,20.90960326736708,18.069219154396542
2013-11-15,14.353252592233778,15.075541256823017,17.65789415701271,16.56056443163891
2013-11-18,4.36169480660393,14.801123420985855,16.307628847988305,15.89656738179719
2013-11-19,38.62770003990568,13.513469337464462,12.903792109184314,13.764099271488625
2013-11-20,0.3399304627589891,16.08410898636422,19.056825767016793,17.65616910251029
2013-11-21,11.412149148215613,14.148903577000832,13.79604968508842,14.473507830556889
2013-11-22,0.7671944230481326,13.721739940396546,12.92536300235832,13.830724509312521
2013-11-25,3.6254914617956477,12.238268608299684,9.68911251211108,11.529052564944656
2013-11-26,1.76649622560633,11.31335387068481,8.173880186255024,10.196034069499586
2013-11-27,0.11713385518388972,10.350245309591031,6.672097053879368,8.831463180099037
2013-11-29,0.14983900960294064,9.377762377242268,5.231505532970854,7.476739437100778
2013-12-02,5.24769850395978,8.576042091386286,4.249805175083891,6.413834724556664
2013-12-03,2.6787889612544458,8.45329357764371,4.838639950675727,6.408323833006337
2013-12-04,4.993923333812573,8.079012501090302,4.606594706506545,5.9844019652145155
2013-12-05,0.2330650826818218,8.014831427334062,5.020893627424541,6.028252552762463
2013-12-06,3.916027456246823,7.456402648404842,4.125722370987816,5.285246050707849
2013-12-09,1.7167604520488784,7.384924831373627,4.423372080688049,5.32156370621555
2013-12-10,1.3531654581797838,7.092326207340363,4.082862922506381,4.970327373081669
2013-12-11,0.7348431156856282,6.811472149539639,3.7587994495729853,4.63397995655569
2013-12-12,0.6083773446112523,6.513307089720059,3.3829093670550536,4.271647607702007
2013-12-13,7.084207131139234,6.25301161281165,3.093301289892034,3.9646130239275417
2013-12-16,10.783717903230372,6.724798589061374,4.499147147011108,4.776982383296117
2013-12-17,0.16576444141077398,7.508069855066986,6.38188657013923,6.021799473159471
2013-12-18,0.6776484470700301,7.029673931174394,5.044158532378021,5.2691654568981035
2013-12-19,16.01927436985339,6.687902384106161,4.2518832699772835,4.762869855550721
2013-12-20,10.219557715332668,8.033190763130989,7.5094636973790685,6.865787245081728
2013-12-23,5.494311048659615,8.53150914892454,8.31041321284332,7.63069501699872
